"id","environment","state","created_utc","commit","branch","url","root_http","asset","bundle_http","legacy_render_literal","custom_api_literal","evidence"
"dpl_AXWDMs7LRLgLY6VuSDVeujDLixjH","preview","READY","2026-10-10T01:24:49.466Z","7e621c9c742480485afc547121a30444669c13c4","codex/render-origin-auth","https://adm-tecnico-celulares-jj5l-p07ptxl5x-creactivo.vercel.app","200","/assets/index-2fxpQKqz.js","200","true","false","bundle fetched"
"dpl_H12uFQVky9vE7DVGBuCSb3WTgt14","production","READY","2026-10-10T01:08:02.607Z","2a20f9993918c1a0e99127a1aa2886e2a48d8667","main","https://adm-tecnico-celulares-jj5l-3de7ye6fr-creactivo.vercel.app","","","","","","metadata only; historical production bundle not fetched"
"dpl_v4BtHpajX6rW6MhBXAuie9SkDnp9","preview","READY","2026-10-10T00:27:33.107Z","8990689f099b4aafd40d186114eeb3af961b0d8e","codex/baseline-preview-fairness","https://adm-tecnico-celulares-jj5l-ccegtt3qd-creactivo.vercel.app","200","/assets/index-2fxpQKqz.js","200","true","false","bundle fetched"
"dpl_91xdjD51hzt9mXTfYEY2DWeg89fh","preview","READY","2026-10-10T00:13:03.490Z","7d2f3563bc302ffa57850775289303977061bb22","codex/baseline-preview-fairness","https://adm-tecnico-celulares-jj5l-exeo4rocv-creactivo.vercel.app","200","/assets/index-2fxpQKqz.js","200","true","false","bundle fetched"
"dpl_4wLor2CizgZTs9WnXRSwZy7GPT17","production","READY","2026-10-09T03:21:58.167Z","6727b0d9e57bad9410da66a0977ce499a58e886d","main","https://adm-tecnico-celulares-jj5l-5x7v6wien-creactivo.vercel.app","","","","","","metadata only; historical production bundle not fetched"
"dpl_3pme6ydjEfaoBukedw1RkHse6RYg","preview","READY","2026-10-09T03:06:06.592Z","f21421aa8e4174ed8c36abb1146989fece6e4f74","security/cloudflare-api-migration","https://adm-tecnico-celulares-jj5l-k45v5i8sw-creactivo.vercel.app","200","/assets/index-2fxpQKqz.js","200","true","false","bundle fetched"
"dpl_EcfY22Ro8fXM9ERpdXGNSf6HJ3Qy","production","READY","2026-10-09T02:53:41.495Z","884985878d0d715643e3eb5da57397efb860e85a","main","https://adm-tecnico-celulares-jj5l-cwftqknry-creactivo.vercel.app","","","","","","metadata only; historical production bundle not fetched"
"dpl_Wu4GQNZFUdhDxuNPDsRfxuXMRW8u","preview","READY","2026-10-09T02:35:56.242Z","d5b2cc57808f9a69f2947f6b017541dfff31bf25","security/central-client-ip","https://adm-tecnico-celulares-jj5l-pgm9grw48-creactivo.vercel.app","200","/assets/index-2fxpQKqz.js","200","true","false","bundle fetched"
"dpl_BqLrQteVEEjVYM8MpJzN6teCRjSm","preview","READY","2026-10-09T02:28:13.726Z","74cd78151cac61607b0f09ef1aec0e567bb6a876","codex/security-4m-preview-fairness","https://adm-tecnico-celulares-jj5l-7gs8wi37m-creactivo.vercel.app","200","/assets/index-2fxpQKqz.js","200","true","false","bundle fetched"
"dpl_2n3wGEMCHiCP39PRTMLH2jscvnaa","preview","READY","2026-10-08T23:06:21.948Z","afb86d07bf37ba27c5e09a3c1d4a91831f0c594a","security/central-client-ip","https://adm-tecnico-celulares-jj5l-qkog9yxjc-creactivo.vercel.app","302","","","","","unverified: connector returned redirect"
"dpl_FPDpKWUkoCwXr4HS43d368RWYZEK","preview","READY","2026-10-08T22:53:57.506Z","32dae8fd556da864c041c63e30ba4ad84eb6b4ac","security/central-client-ip","https://adm-tecnico-celulares-jj5l-fsd7s0uhx-creactivo.vercel.app","200","/assets/index-2fxpQKqz.js","200","true","false","bundle fetched"
"dpl_GGDfAiASfxYSSgdEoPXTXwPm1rKe","preview","READY","2026-10-08T02:18:15.723Z","f4811f8953f5b92a7838738fbb3c9af080e74b32","security/cloudflare-api-migration","https://adm-tecnico-celulares-jj5l-dv33meqds-creactivo.vercel.app","200","/assets/index-2fxpQKqz.js","200","true","false","bundle fetched"
"dpl_E2HUGQnCuVvejeofwZYetu6ryWt9","production","READY","2026-10-08T01:01:33.059Z","af36d16cfb133e34b297c9a3143f0bf101a912a7","main","https://adm-tecnico-celulares-jj5l-opjgcgahv-creactivo.vercel.app","","","","","","metadata only; historical production bundle not fetched"
"dpl_C49XXoA2eHt3WCEq2ca573UCpKLg","preview","READY","2026-10-08T00:49:11.478Z","814c94f07b9013f7545ae3ae65caa6d5e290a96e","security/cloudflare-api-prep","https://adm-tecnico-celulares-jj5l-8n3nuzwzo-creactivo.vercel.app","200","/assets/index-2fxpQKqz.js","200","true","false","bundle fetched"
"dpl_HfuhtqUBZg8sV7k9NG3NzMBCsSXC","production","READY","2026-10-08T00:15:00.041Z","4c78387ab6006fc7ef47e3bd9e9169935bfd3481","main","https://adm-tecnico-celulares-jj5l-p3z4jjej5-creactivo.vercel.app","","","","","","metadata only; historical production bundle not fetched"
"dpl_2wG39ttp12YNdLZVbDxW8iUgsswD","preview","READY","2026-10-07T23:43:56.509Z","99799e415c4f5b1eebcd4c9dae350e6919b3ae0f","security/main-branch-ci","https://adm-tecnico-celulares-jj5l-butvv6v3e-creactivo.vercel.app","200","/assets/index-2fxpQKqz.js","200","true","false","bundle fetched"
"dpl_AtKL9qDE2Hv8okQtyGp3tyj94fMD","production","READY","2026-10-07T23:33:08.586Z","471a0bb6764cd856330dcdc7746114776d555aac","main","https://adm-tecnico-celulares-jj5l-1wotulba6-creactivo.vercel.app","","","","","","metadata only; historical production bundle not fetched"
"dpl_EKXrHTDb4eEu15JvCx18Bu2DDwq1","preview","READY","2026-10-07T23:29:14.241Z","423cdfdc213f8ab61b9e82f2b9ab3eedcd5e1bfe","security/health-check-hardening","https://adm-tecnico-celulares-jj5l-5bxrk6d3d-creactivo.vercel.app","200","/assets/index-2fxpQKqz.js","","true","false","same asset filename as fetched bundle"
"dpl_6wB4ZNJrY66prt6exg8hYimyxHad","production","READY","2026-10-07T23:24:54.193Z","b1c218b9ef571e156b89af82a527bbee1ffb4968","main","https://adm-tecnico-celulares-jj5l-n6pzgzgdv-creactivo.vercel.app","","","","","","metadata only; historical production bundle not fetched"
"dpl_FnQ7pr7ans9hNDGWe5JknozWMNse","preview","READY","2026-10-07T23:16:24.439Z","823165325c13434919a550254d88a5f4a355a8c0","security/tracking-preview-rate-limit","https://adm-tecnico-celulares-jj5l-lwgjfsh89-creactivo.vercel.app","200","/assets/index-2fxpQKqz.js","","true","false","same asset filename as fetched bundle"
"dpl_BZ68A7tC3R34fStXTmmgH2WqksYY","production","READY","2026-10-07T22:49:58.809Z","21fe838b847a9b60e1755ad34e6c56d0a733acc5","main","https://adm-tecnico-celulares-jj5l-ni1e3s6rv-creactivo.vercel.app","","","","","","metadata only; historical production bundle not fetched"
"dpl_BfJaGiVWagDNx18XBj8DQP9JmK2Q","preview","READY","2026-10-07T17:09:39.113Z","cf9f119f6e5b21bd07e0f7effc8d9fe22038708e","ui/stack-drawer-form-fields","https://adm-tecnico-celulares-jj5l-b8rm2dmtb-creactivo.vercel.app","200","/assets/index-2fxpQKqz.js","","true","false","same asset filename as fetched bundle"
"dpl_4KPaoWRpZTkrQAM2SgBHFjj1jztu","preview","READY","2026-10-07T17:00:53.660Z","828e3970da34c5d0c4faa05805800ec9ef11911a","ui/stack-drawer-form-fields","https://adm-tecnico-celulares-jj5l-cx96jza6f-creactivo.vercel.app","200","/assets/index-JHhwVsZn.js","200","true","false","bundle fetched"
"dpl_7oXWk8Uqyzqaf3F2JWfyv1MEDwJX","preview","READY","2026-10-07T16:45:37.790Z","f89b68649ee0657b417deb479b46776a155c02a8","ui/stack-drawer-form-fields","https://adm-tecnico-celulares-jj5l-6yfra2wdv-creactivo.vercel.app","200","/assets/index-DKdb8-E_.js","200","true","false","bundle fetched"
"dpl_CzybxjrDFx5Zu6eGUKzhhiqLj4a7","preview","READY","2026-10-07T16:24:48.147Z","c30213ad36a914623969c5ae217963a3d9b41e26","ui/stack-drawer-form-fields","https://adm-tecnico-celulares-jj5l-1kmr5w74n-creactivo.vercel.app","200","/assets/index-whaFDtbo.js","200","true","false","bundle fetched"
"dpl_EqtYZtWLCZxibWJxizcHqyfpeh9W","production","READY","2026-10-07T05:05:20.278Z","032db6b75ccba0a50983eeb102d77e9994667f2e","main","https://adm-tecnico-celulares-jj5l-hb2n27h9b-creactivo.vercel.app","","","","","","metadata only; historical production bundle not fetched"
"dpl_EZAwmi5JVmH6XQgM9EM6vgMqP8Yy","preview","READY","2026-10-07T04:41:32.593Z","032db6b75ccba0a50983eeb102d77e9994667f2e","fix/platform-admin-customer-metrics","https://adm-tecnico-celulares-jj5l-ax0d2smiq-creactivo.vercel.app","200","/assets/index-CpZoadNy.js","200","true","false","bundle fetched"
"dpl_FCfKQDF7vEQTE2EwSrAXxQCj4q2R","preview","READY","2026-10-07T04:32:16.767Z","d05a05e3b013d34c2b86c590b7677337f659c94d","fix/platform-admin-customer-metrics","https://adm-tecnico-celulares-jj5l-7iawyf7cg-creactivo.vercel.app","200","/assets/index-Dcd0-rS8.js","200","true","false","bundle fetched"
"dpl_jVtQ9N2xjBECEkqS8Cy32zjBqZFe","preview","READY","2026-10-07T04:22:12.467Z","ee2bdd1ec2b0e50b5e12822784d26cb6f38fe567","fix/platform-admin-customer-metrics","https://adm-tecnico-celulares-jj5l-dion2v4ka-creactivo.vercel.app","200","/assets/index-CLW89h7p.js","200","true","false","bundle fetched"
"dpl_3TEps5nc1JcWGPbJq3Dz2YUrGmrb","preview","READY","2026-10-07T03:35:42.553Z","b9c608df8871cec11b09ccd978a33059c0f14b69","fix/platform-admin-customer-metrics","https://adm-tecnico-celulares-jj5l-jtnk87s7h-creactivo.vercel.app","200","/assets/index-B4_zp_6F.js","200","true","false","bundle fetched"
"dpl_F8it4kptic8sUxZBXYFofsJT4UP2","preview","READY","2026-10-07T03:28:30.673Z","bda5dcf53fffe4f470522c7ecd202ee9f3410e40","fix/platform-admin-customer-metrics","https://adm-tecnico-celulares-jj5l-ilcb5jom2-creactivo.vercel.app","200","/assets/index-B4_zp_6F.js","200","true","false","bundle fetched"
"dpl_BAHAYzYftbo5GFwF89aJ6e1L9tD9","production","READY","2026-10-07T03:10:39.936Z","1fd85eef07d782bcb75186dc0c6ef37cca7ec1b6","main","https://adm-tecnico-celulares-jj5l-contpyafk-creactivo.vercel.app","","","","","","metadata only; historical production bundle not fetched"
"dpl_EWXo39A12N9iUeoCQv7pbLdydDi3","preview","READY","2026-10-07T03:08:28.029Z","1fd85eef07d782bcb75186dc0c6ef37cca7ec1b6","fix/repair-initial-cost-correction","https://adm-tecnico-celulares-jj5l-182u39seo-creactivo.vercel.app","200","/assets/index-gzAAHLtA.js","200","true","false","bundle fetched"
"dpl_4yr2BVvyvty6yM7rE2rucjLW3RiK","preview","READY","2026-10-07T02:57:13.007Z","840e0b3407e562af4dbaacf1f2dbd256e6ca5bee","fix/repair-initial-cost-correction","https://adm-tecnico-celulares-jj5l-2iyhxopon-creactivo.vercel.app","200","/assets/index-aQdrKgBX.js","302","","","unverified: connector returned redirect"
"dpl_5PbBnAZiomAhw6ZVJDHGiLW2zkL6","production","READY","2026-10-07T02:11:22.436Z","c8fecb1c1b67d3dcd6a5cf0c641172d891b4d17e","main","https://adm-tecnico-celulares-jj5l-1wl18prnb-creactivo.vercel.app","","","","","","metadata only; historical production bundle not fetched"
"dpl_FwZ2bmKTDC9AAzpZLeg989eLG2Gs","preview","READY","2026-10-07T01:38:20.426Z","c8fecb1c1b67d3dcd6a5cf0c641172d891b4d17e","ui/tracking-page-redesign","https://adm-tecnico-celulares-jj5l-1d14f7obc-creactivo.vercel.app","200","/assets/index-DHsQBFmz.js","200","true","false","bundle fetched"
"dpl_9PFezPY45kFC6L6ghE3pxdh3nPHC","preview","READY","2026-10-07T01:13:16.230Z","1f27e0c567740137744ee65d2f7620ac6707442e","ui/tracking-page-redesign","https://adm-tecnico-celulares-jj5l-52vwgqazm-creactivo.vercel.app","200","/assets/index-DHsQBFmz.js","200","true","false","bundle fetched"
"dpl_E4jC4gJgPVas9K9Ao1ypQTDSoiqp","preview","READY","2026-10-07T00:51:53.294Z","bcb9728796918d8d4a788d12287c51598e7bb1f8","ui/tracking-page-redesign","https://adm-tecnico-celulares-jj5l-55rc1csfk-creactivo.vercel.app","200","/assets/index-BShpaFAa.js","200","true","false","bundle fetched"
"dpl_ErCR7tmDwPRMqwNT4uMxEGDXVEG7","preview","READY","2026-10-07T00:39:36.187Z","974fcf0acdeca15cd05691c0ec19d7c6d6d8b1c1","ui/tracking-page-redesign","https://adm-tecnico-celulares-jj5l-86s8gd48d-creactivo.vercel.app","200","/assets/index-DtwyjW11.js","200","true","false","bundle fetched"
"dpl_GLg2nK3J54ypdJnd4XS2FePSswZN","production","READY","2026-10-06T23:59:15.063Z","4529b60359fed94f72a909e0d0db82a91cff11c0","main","https://adm-tecnico-celulares-jj5l-1m6m7yk05-creactivo.vercel.app","","","","","","metadata only; historical production bundle not fetched"
"dpl_6vfRvmDrnPZ2h4h9J7rfi4kLaC1X","preview","READY","2026-10-06T16:45:00.447Z","4529b60359fed94f72a909e0d0db82a91cff11c0","fix/subscription-fallback-access-expiry","https://adm-tecnico-celulares-jj5l-fgznjfj12-creactivo.vercel.app","200","/assets/index-CHOgR_dq.js","200","true","false","bundle fetched"
"dpl_CN8JxJDGhmg26BAe8Qjo7BkBajxt","production","READY","2026-10-06T16:24:58.168Z","632e039d9fc214bcb8ae758643196db140796864","main","https://adm-tecnico-celulares-jj5l-kbw9qhg22-creactivo.vercel.app","","","","","","metadata only; historical production bundle not fetched"
"dpl_GjtshAhYiLi2viNyFpd3agYoK5CZ","preview","READY","2026-10-06T16:18:50.420Z","632e039d9fc214bcb8ae758643196db140796864","fix/dashboard-pending-cancelled-repairs","https://adm-tecnico-celulares-jj5l-6t5tv4zcp-creactivo.vercel.app","200","/assets/index-CHOgR_dq.js","200","true","false","bundle fetched"
"dpl_GRQUmH5GekFk5toNLAwUBXyxNw2s","production","READY","2026-10-06T15:58:45.247Z","fc7d21aabfed1eb60167faf8b42579777dd191d1","main","https://adm-tecnico-celulares-jj5l-63178ssxw-creactivo.vercel.app","","","","","","metadata only; historical production bundle not fetched"
"dpl_7SHg3g1kQrMoXpF2UM7p3QS9yECk","preview","READY","2026-10-06T15:49:15.993Z","fc7d21aabfed1eb60167faf8b42579777dd191d1","cleanup/argentina-timezone-and-legacy-dashboard","https://adm-tecnico-celulares-jj5l-634ljao0n-creactivo.vercel.app","200","/assets/index-CHOgR_dq.js","200","true","false","bundle fetched"
"dpl_EM3pQtMMTjAnbrgmzMm9zB2316p5","production","READY","2026-10-06T03:50:20.752Z","be26ecaabc446f3d408e6789bfd1678c2751adb9","main","https://adm-tecnico-celulares-jj5l-g9f87j4zc-creactivo.vercel.app","","","","","","metadata only; historical production bundle not fetched"
"dpl_51HdtNcBVj5Yd8phMLGqyWKpPCJR","preview","READY","2026-10-06T03:41:31.006Z","be26ecaabc446f3d408e6789bfd1678c2751adb9","fix/reports-argentina-timezone","https://adm-tecnico-celulares-jj5l-fuh8fygez-creactivo.vercel.app","200","/assets/index-BMspsGba.js","200","true","false","bundle fetched"
"dpl_9NzTFCLyxHtTYzG2vprpEyrBBvqd","production","READY","2026-10-06T03:26:45.229Z","c8a6a9c7c194e0816b31035b2e16e2b7e7da0e11","main","https://adm-tecnico-celulares-jj5l-3odqn7zmt-creactivo.vercel.app","","","","","","metadata only; historical production bundle not fetched"
"dpl_HWcSjAiHquxrMPGqtL9Hyxbp8Z3P","preview","READY","2026-10-06T03:13:29.833Z","c8a6a9c7c194e0816b31035b2e16e2b7e7da0e11","fix/billing-quota-concurrency","https://adm-tecnico-celulares-jj5l-6a7gjxpo6-creactivo.vercel.app","302","","","","","unverified: connector returned redirect"
"dpl_9iKjN3vvToh2dkGLEpjuC77G69xg","production","READY","2026-10-06T02:37:08.491Z","6783f2c10f154d40e2d68238d5d7af0a1bb6f4e7","main","https://adm-tecnico-celulares-jj5l-1tfspcsvd-creactivo.vercel.app","","","","","","metadata only; historical production bundle not fetched"
"dpl_BCs1fe2Pm7A3LC5AtHzR5VfWXsc2","preview","READY","2026-10-06T02:33:40.597Z","6783f2c10f154d40e2d68238d5d7af0a1bb6f4e7","fix/team-password-reset-session-invalidation","https://adm-tecnico-celulares-jj5l-crinelf0b-creactivo.vercel.app","200","/assets/index-BMspsGba.js","200","true","false","bundle fetched"
"dpl_AZtD5FoQNXds97ZJevXEJa4RPXpv","production","READY","2026-10-06T02:06:07.094Z","27d067ccc4bb7bac1a3ee40741358acda7629b7f","main","https://adm-tecnico-celulares-jj5l-bprm3lwa4-creactivo.vercel.app","","","","","","metadata only; historical production bundle not fetched"
"dpl_JD73QdEkXnf2mSvTh34jBqa3QaXq","preview","READY","2026-10-06T02:02:12.315Z","27d067ccc4bb7bac1a3ee40741358acda7629b7f","fix/proxy-addr-cve-2026-90711","https://adm-tecnico-celulares-jj5l-fi24bd2hb-creactivo.vercel.app","200","/assets/index-BMspsGba.js","","true","false","same asset filename as fetched bundle"
"dpl_5fficqU4uHvEQrHRbWRxKN2MfSUX","production","READY","2026-10-06T01:23:23.268Z","412811ad063a351b81e05435a1343a0090473ac3","main","https://adm-tecnico-celulares-jj5l-pwi21mqpn-creactivo.vercel.app","","","","","","metadata only; historical production bundle not fetched"
"dpl_43Xid9p6E2q4uAtgeyZ9e9sdTsm1","preview","READY","2026-10-06T00:56:26.601Z","412811ad063a351b81e05435a1343a0090473ac3","fix/repair-status-concurrency","https://adm-tecnico-celulares-jj5l-k85zm49hg-creactivo.vercel.app","200","/assets/index-BMspsGba.js","","true","false","same asset filename as fetched bundle"
"dpl_C3ZcE5tT9ZpuahMHcvXVJWoT4mfb","production","READY","2026-10-06T00:42:12.667Z","23e7018610f1cc03971c995fdc3c7a2153496235","main","https://adm-tecnico-celulares-jj5l-mfh97x17i-creactivo.vercel.app","","","","","","metadata only; historical production bundle not fetched"
"dpl_BAhH2SaqccvedkeYQ3KkufrDH4nk","preview","READY","2026-10-06T00:13:54.447Z","23e7018610f1cc03971c995fdc3c7a2153496235","fix/repair-legacy-status-endpoints","https://adm-tecnico-celulares-jj5l-3uhaizp31-creactivo.vercel.app","200","/assets/index-BMspsGba.js","","true","false","same asset filename as fetched bundle"
"dpl_3CjGDomZhD7Tt3qjjTbsDQC1FKBp","production","READY","2026-10-05T23:51:55.052Z","9ca5bd0483f49feeff50114a2456e7cb2c5e68f5","main","https://adm-tecnico-celulares-jj5l-k9dtokgu5-creactivo.vercel.app","","","","","","metadata only; historical production bundle not fetched"
"dpl_2uHgLMGWNK1w2iQ8GPC6NeWmaFdP","preview","READY","2026-10-05T23:39:02.034Z","9ca5bd0483f49feeff50114a2456e7cb2c5e68f5","fix/atomic-pending-payment","https://adm-tecnico-celulares-jj5l-54kfg1y12-creactivo.vercel.app","200","/assets/index-BMspsGba.js","","true","false","same asset filename as fetched bundle"
"dpl_E6kZHLpQ9FH7RUwQB1MSRjEZ2AJD","production","READY","2026-10-05T23:00:15.842Z","b05832b7c06bcd7c4796be5453a11e0c8d3abca1","main","https://adm-tecnico-celulares-jj5l-6872mrkhz-creactivo.vercel.app","","","","","","metadata only; historical production bundle not fetched"
"dpl_93yxjdRUD4Ai2xt4yM4eeHGvG2gp","preview","READY","2026-10-05T03:50:38.739Z","b05832b7c06bcd7c4796be5453a11e0c8d3abca1","fix/expired-owner-renewal-flow","https://adm-tecnico-celulares-jj5l-866iqcmkh-creactivo.vercel.app","200","/assets/index-BMspsGba.js","","true","false","same asset filename as fetched bundle"
"dpl_4dmiTCzHHiMx7jRwrPnXhwqgtuXY","preview","READY","2026-10-05T00:56:06.764Z","d4992473f402abb544cf7a38b048a6bcd61cc6bd","fix/expired-owner-renewal-flow","https://adm-tecnico-celulares-jj5l-o02243sw4-creactivo.vercel.app","200","/assets/index-BRo0Bf_P.js","200","true","false","bundle fetched"
"dpl_SDKEpwRQyF9QQKrURrNZrajuEXrq","preview","READY","2026-10-05T00:35:50.796Z","335fa90f9d7800af7b792bb15874689ba6a4baa0","fix/expired-owner-renewal-flow","https://adm-tecnico-celulares-jj5l-2je4xkqrw-creactivo.vercel.app","200","/assets/index-CPGjF2BH.js","200","true","false","bundle fetched"
"dpl_E2kc5YfgH4yhF4wKjNzNVKqB87kt","preview","READY","2026-10-04T23:32:57.597Z","b35fa501a47020c705915b9fa4a0fc7a1748d603","fix/expired-owner-renewal-flow","https://adm-tecnico-celulares-jj5l-7aqjalcge-creactivo.vercel.app","200","/assets/index-CPGjF2BH.js","200","true","false","bundle fetched"
"dpl_E8vuQVkbKRMFzJ4hMTms8PcyHdVj","production","READY","2026-10-04T22:04:36.106Z","1d1f8e6909f806d91cd3da044aa1fbfc8409b787","main","https://adm-tecnico-celulares-jj5l-542df08it-creactivo.vercel.app","","","","","","metadata only; historical production bundle not fetched"
"dpl_84CvEVRYACRFBKv5zMmx46ZkjiCc","preview","READY","2026-10-04T21:51:20.136Z","1d1f8e6909f806d91cd3da044aa1fbfc8409b787","fix/repair-history-permission","https://adm-tecnico-celulares-jj5l-m9fpz7c0x-creactivo.vercel.app","200","/assets/index-Cj75o28M.js","200","true","false","bundle fetched"
"dpl_6vLD1CDonwFJnDbfbi4XMFWHNuWi","production","READY","2026-10-04T21:40:18.162Z","e6d8eb5b7c17958527c56157704612c1b4281b9b","main","https://adm-tecnico-celulares-jj5l-2348st659-creactivo.vercel.app","","","","","","metadata only; historical production bundle not fetched"
"dpl_8CVwDKKRzMnuvtgXnFM7HY5M1wto","preview","READY","2026-10-04T21:29:26.924Z","e6d8eb5b7c17958527c56157704612c1b4281b9b","fix/repair-financial-visibility","https://adm-tecnico-celulares-jj5l-871d7ixoz-creactivo.vercel.app","200","/assets/index-Cj75o28M.js","","true","false","same asset filename as fetched bundle"
"dpl_4GBU6RtkFnPE5kLLsV5BKkv8zkak","production","READY","2026-10-04T20:35:42.287Z","d372c47bd349908f56b6e7f22a4e41173973b161","main","https://adm-tecnico-celulares-jj5l-2as2at5oz-creactivo.vercel.app","","","","","","metadata only; historical production bundle not fetched"
"dpl_5hnLG2YFSPjYBqcB2BhQxxjUBx8L","preview","READY","2026-10-04T20:14:53.142Z","d372c47bd349908f56b6e7f22a4e41173973b161","fix/supabase-public-data-access","https://adm-tecnico-celulares-jj5l-mcn7486fz-creactivo.vercel.app","200","/assets/index-K03EBVOE.js","","true","false","same asset filename as fetched bundle"
"dpl_51w7NuBStN2eukSvK35pH5WDsKqi","preview","READY","2026-10-04T20:09:13.900Z","6a03e04c3c22c2d357c949f0b1cda8644b3c8346","fix/supabase-public-data-access","https://adm-tecnico-celulares-jj5l-nfvz94223-creactivo.vercel.app","200","/assets/index-K03EBVOE.js","","true","false","same asset filename as fetched bundle"
"dpl_ELgTNE1FFfG1Us6de2y4eD2pYVT5","production","READY","2026-10-04T19:45:02.702Z","08edae84f67562f7c7002ee4a1a2c246d987c7e3","main","https://adm-tecnico-celulares-jj5l-mcfwg3hcr-creactivo.vercel.app","","","","","","metadata only; historical production bundle not fetched"
"dpl_6meBwUW6PJMxN4cKyYjpWp4J2bzT","preview","READY","2026-10-04T19:39:48.398Z","08edae84f67562f7c7002ee4a1a2c246d987c7e3","fix/platform-admin-user-redaction","https://adm-tecnico-celulares-jj5l-7njxdvsss-creactivo.vercel.app","200","/assets/index-K03EBVOE.js","200","true","false","bundle fetched"
"dpl_7JZxCpC8CECxdecw6kgx2HVwnDez","production","READY","2026-10-04T04:51:39.728Z","23e2d3b409d1e698146f91f976af7eb63daa008d","main","https://adm-tecnico-celulares-jj5l-d1xw676lu-creactivo.vercel.app","","","","","","metadata only; historical production bundle not fetched"
"dpl_GjsqE8EawgbJCedtYtFntpu3PVff","preview","READY","2026-10-04T04:38:09.732Z","23e2d3b409d1e698146f91f976af7eb63daa008d","chore/security-deepmerge-override","https://adm-tecnico-celulares-jj5l-jluet52bu-creactivo.vercel.app","200","/assets/index-K03EBVOE.js","200","true","false","bundle fetched"
"dpl_3Se1JcdVXY1xpXesWzaP2ZbkA51S","production","READY","2026-10-04T04:06:07.946Z","3ce2c38dd1728c4f968fe00fc8d475587378b98d","main","https://adm-tecnico-celulares-jj5l-rl31c3s43-creactivo.vercel.app","","","","","","metadata only; historical production bundle not fetched"
"dpl_D3pGHBrhfL1XZwyd8zVwLWtvhwxs","preview","READY","2026-10-04T04:00:51.326Z","3ce2c38dd1728c4f968fe00fc8d475587378b98d","feature/account-deletion-ui-polish","https://adm-tecnico-celulares-jj5l-o0t55zufe-creactivo.vercel.app","200","/assets/index-K03EBVOE.js","","true","false","same asset filename as fetched bundle"
"dpl_9VjsQ6QPQJPMwQ7GJwfqjd7hULqH","production","READY","2026-10-04T01:39:53.949Z","f3592af43f40a4d4b1750e9048e78676e9bcb777","main","https://adm-tecnico-celulares-jj5l-pnh9yhoda-creactivo.vercel.app","","","","","","metadata only; historical production bundle not fetched"
"dpl_8uqeMi4VwYR2Nf7jmyWhezaUkx6Z","preview","READY","2026-10-04T01:18:38.854Z","f3592af43f40a4d4b1750e9048e78676e9bcb777","feature/permanent-account-deletion","https://adm-tecnico-celulares-jj5l-7xle3u4hs-creactivo.vercel.app","200","/assets/index-B3kjkX2P.js","200","true","false","bundle fetched"
"dpl_4FkS5c1XbXbhphkoscYuX4wJprEn","preview","READY","2026-10-04T00:49:16.122Z","03c310b1b70ce33ca238b0ff9f9df60ae669a98a","feature/permanent-account-deletion","https://adm-tecnico-celulares-jj5l-6wjt2aovt-creactivo.vercel.app","200","/assets/index-CqcHyi0g.js","200","true","false","bundle fetched"
"dpl_GQoGdw7q8ALsM9NyBb4sgZRsL1tb","production","READY","2026-10-03T06:05:20.755Z","61f06e97a7394250cd1406f256e824fe3cb83484","main","https://adm-tecnico-celulares-jj5l-jbe96xadk-creactivo.vercel.app","","","","","","metadata only; historical production bundle not fetched"
"dpl_76ccGWLMjirhtVNQnkwoxSVHSq37","preview","READY","2026-10-03T05:58:50.422Z","61f06e97a7394250cd1406f256e824fe3cb83484","feature/tracking-links-cortos-expiracion","https://adm-tecnico-celulares-jj5l-75hidbyw9-creactivo.vercel.app","200","/assets/index-BOVWNwWg.js","200","true","false","bundle fetched or same asset filename"
"dpl_CNanJT42XzRRsmvbegTRCDhubNQW","preview","READY","2026-10-03T05:45:49.607Z","729ce732b49fecd61a6f18c5300c82bc8f0d0b01","feature/tracking-links-cortos-expiracion","https://adm-tecnico-celulares-jj5l-k0rvrlih6-creactivo.vercel.app","200","/assets/index-BOVWNwWg.js","200","true","false","bundle fetched or same asset filename"
"dpl_HFyUkaKT99DYBvAZEDYBa1kpJwDE","production","READY","2026-10-03T04:20:47.484Z","151a764642df5ef278f492ef01ef04ac0af55344","main","https://adm-tecnico-celulares-jj5l-2jzutkci1-creactivo.vercel.app","","","","","","metadata only; historical production bundle not fetched"
"dpl_4qCut2pKnA4hibfVWmDcGUewbtF9","preview","READY","2026-10-03T03:07:02.954Z","151a764642df5ef278f492ef01ef04ac0af55344","feature/pwa-install","https://adm-tecnico-celulares-jj5l-1d4gs65j0-creactivo.vercel.app","200","/assets/index-BmEU2hCz.js","200","true","false","bundle fetched"
"dpl_9WVJLDqsycggZ7NaGjhoJBCkZprC","preview","READY","2026-10-03T02:32:03.547Z","106c80eac40b8289e5db01b6ea7b008eb8f7d182","feature/pwa-install","https://adm-tecnico-celulares-jj5l-nsxc7bjgx-creactivo.vercel.app","200","/assets/index-BmEU2hCz.js","200","true","false","bundle fetched"
"dpl_AUh5pfP7txoJFeHSoKRwVrY4ub61","production","READY","2026-10-02T04:33:48.327Z","13a1d237eebef336a3cf5a0c01ff559258545a78","main","https://adm-tecnico-celulares-jj5l-43zr5g98n-creactivo.vercel.app","","","","","","metadata only; historical production bundle not fetched"
"dpl_6tnPfZ24TfcvEvq6tc6uzKN2vBJo","preview","READY","2026-10-02T04:30:46.474Z","13a1d237eebef336a3cf5a0c01ff559258545a78","feature/admin-gradient-titles","https://adm-tecnico-celulares-jj5l-ac3wk25xs-creactivo.vercel.app","200","/assets/index-CKIYIe0M.js","200","true","false","bundle fetched"
"dpl_9BtuSobRYpxNnBj8fKKQr1HZhdnV","production","READY","2026-10-02T03:45:18.040Z","d6ad60aa0cdcc2c1607b4ecc4ec818ae17c6b240","main","https://adm-tecnico-celulares-jj5l-gcers11cw-creactivo.vercel.app","","","","","","metadata only; historical production bundle not fetched"
"dpl_2yWjNffaTgeNoUufRYxLDoBN3RBN","preview","READY","2026-10-02T02:27:29.264Z","d6ad60aa0cdcc2c1607b4ecc4ec818ae17c6b240","fix/backend-moderate-audit","https://adm-tecnico-celulares-jj5l-3so0souvt-creactivo.vercel.app","200","/assets/index-8PjMJQVr.js","200","true","false","bundle fetched"
"dpl_DH8DrL3bada2zoeeNPCidHSbgaMb","production","READY","2026-10-01T23:59:34.156Z","eea1f537dac4411750dbfddc4f0aef9ca5add446","main","https://adm-tecnico-celulares-jj5l-pz4xmyfq3-creactivo.vercel.app","","","","","","metadata only; historical production bundle not fetched"
"dpl_CGmZdCPR5MPRTK9arAYNTxYAMbDq","preview","READY","2026-10-01T23:54:22.461Z","eea1f537dac4411750dbfddc4f0aef9ca5add446","fix/reparacion-metodo-gasto-historial","https://adm-tecnico-celulares-jj5l-b8oh5h96c-creactivo.vercel.app","200","/assets/index-8PjMJQVr.js","200","true","false","bundle fetched"
"dpl_5ZzgZQsk8qjiqyyUojfzcPY76iNj","production","READY","2026-10-01T05:29:30.684Z","b3d0c37cac172be9921232cd2fbd58a60aa835a1","main","https://adm-tecnico-celulares-jj5l-ljnlhykth-creactivo.vercel.app","","","","","","metadata only; historical production bundle not fetched"
"dpl_Bjc5Asc1fYJr4yYgPNbp1BvXWqQK","preview","READY","2026-10-01T05:25:43.902Z","b3d0c37cac172be9921232cd2fbd58a60aa835a1","feature/ajustes-adelanto-y-seguimiento","https://adm-tecnico-celulares-jj5l-q4ihc2rua-creactivo.vercel.app","200","/assets/index-DY7nXznS.js","200","true","false","bundle fetched"
"dpl_7UjMnuJdVw2RfZr3FSCnW6t9opSC","production","READY","2026-09-29T23:25:34.326Z","838abf7a3ac38209f546b963873f131842cf315c","main","https://adm-tecnico-celulares-jj5l-mz7tl1una-creactivo.vercel.app","","","","","","metadata only; historical production bundle not fetched"
"dpl_JE5K7PDryCTqnefC5wdUjQYAxGNd","preview","READY","2026-09-29T23:16:59.144Z","838abf7a3ac38209f546b963873f131842cf315c","feature/costos-reparacion","https://adm-tecnico-celulares-jj5l-3c47blci6-creactivo.vercel.app","200","/assets/index-Be6_hd2i.js","200","true","false","bundle fetched"
"dpl_CgSw2vBZHCA5snw2paiRqxQfmNse","production","READY","2026-09-29T16:01:19.947Z","c5d37edb8e6ca3e2674b570daf97f62dba471af6","main","https://adm-tecnico-celulares-jj5l-uvrayaplp-creactivo.vercel.app","","","","","","metadata only; historical production bundle not fetched"
"dpl_CjkhbbM4x8CuAAdve3L8k4g7NV8f","preview","READY","2026-09-29T15:54:34.522Z","c5d37edb8e6ca3e2674b570daf97f62dba471af6","feature/landing-redesign","https://adm-tecnico-celulares-jj5l-gtrx1hw1a-creactivo.vercel.app","200","/assets/index-DcwbAPXY.js","200","true","false","bundle fetched"
"dpl_FqRnVZg8SYqcYWjEmq8cz1FzDEHR","preview","READY","2026-09-29T05:06:00.610Z","4f0b1f33208b5c0b039e509027a24bd30fdf1bcd","feature/landing-redesign","https://adm-tecnico-celulares-jj5l-ceb27gf91-creactivo.vercel.app","200","/assets/index-B3uDpZS0.js","200","true","false","bundle fetched"
"dpl_GDAg2gsBqUSAjvKwXjC2nGLEB8Pe","preview","READY","2026-09-28T23:23:09.301Z","cd51395b5b412f97729215a1322fe904876cea95","feature/landing-redesign","https://adm-tecnico-celulares-jj5l-b83k57nxb-creactivo.vercel.app","200","/assets/index-C6wwg2hm.js","200","true","false","bundle fetched"
"dpl_HAzM6cMLbj288SAtqQXcp8Apj4VC","preview","READY","2026-09-28T23:07:32.819Z","2f1af6470d49f5487479ba77be3b95c811b9d48e","feature/landing-redesign","https://adm-tecnico-celulares-jj5l-c6hn3hude-creactivo.vercel.app","200","/assets/index-C6wwg2hm.js","200","true","false","bundle fetched"
"dpl_7bZcNKY3e3cP3n5PRGTtWmsDo8Pq","production","READY","2026-09-28T05:12:40.957Z","b30b412bb0474b3901654365a086eda5d78d7f1b","main","https://adm-tecnico-celulares-jj5l-lb1bpb58h-creactivo.vercel.app","","","","","","metadata only; historical production bundle not fetched"
"dpl_A3gVN7eLy6AHCPEmSsrCqBZHDu8P","preview","READY","2026-09-28T04:33:55.805Z","b30b412bb0474b3901654365a086eda5d78d7f1b","feature/auditoria-preventa","https://adm-tecnico-celulares-jj5l-5l8q4n5lq-creactivo.vercel.app","200","/assets/index-C6wwg2hm.js","200","true","false","bundle fetched"
"dpl_EXbTcFcPDanBAvRFhX3e4scqQ7V5","preview","READY","2026-09-28T03:44:41.812Z","84d80ce1052352080a69078b6a368fe64aa7e312","feature/auditoria-preventa","https://adm-tecnico-celulares-jj5l-j84p0fplg-creactivo.vercel.app","200","/assets/index-C6wwg2hm.js","200","true","false","bundle fetched"
"dpl_GZ1DuQHrxFu2DpnoQBv3VHDtMpYe","preview","READY","2026-09-28T03:30:14.764Z","ad9e22a82c3af5b257e828f11a50d366f8518dc4","feature/auditoria-preventa","https://adm-tecnico-celulares-jj5l-6na42lwr5-creactivo.vercel.app","200","/assets/index-C6wwg2hm.js","200","true","false","bundle fetched"
"dpl_AdYXmD4FzMNVXcaBsMCtU7d4eFqt","preview","READY","2026-09-28T02:44:43.208Z","af8e1797abcaf4269ee557c3731b6d8433c90f20","feature/auditoria-preventa","https://adm-tecnico-celulares-jj5l-k9bcajwa1-creactivo.vercel.app","200","/assets/index-C1gnx7qQ.js","200","true","false","bundle fetched"
"dpl_DaTsbquEoUvgigNamencSq5PoF8q","production","READY","2026-09-28T01:20:02.072Z","ecaa0468e8a1c6143f04693560d17b96bfc4ab3a","main","https://adm-tecnico-celulares-jj5l-ndzkfwfzz-creactivo.vercel.app","","","","","","metadata only; historical production bundle not fetched"
"dpl_FDuHc1JBM9bgTKheNq62cskeEdVH","preview","READY","2026-09-28T01:17:05.865Z","ecaa0468e8a1c6143f04693560d17b96bfc4ab3a","feature/reclamos-garantia-gastos","https://adm-tecnico-celulares-jj5l-eaxuc9fca-creactivo.vercel.app","200","/assets/index-B4fa7v9Z.js","200","true","false","bundle fetched"
"dpl_BdLwXtCKsJS5Eyz3vw8NPcKkvbuH","production","READY","2026-09-28T00:48:17.290Z","1831756d8d077dd02efef9be408bf6672d004ed8","main","https://adm-tecnico-celulares-jj5l-eorop0zi5-creactivo.vercel.app","","","","","","metadata only; historical production bundle not fetched"
"dpl_FNtZ5Hzyu3BDBzqjWFdYMKe1QvZL","preview","READY","2026-09-28T00:39:31.540Z","1831756d8d077dd02efef9be408bf6672d004ed8","feature/reclamos-garantia-gastos","https://adm-tecnico-celulares-jj5l-5cazvtpyq-creactivo.vercel.app","200","/assets/index-B4fa7v9Z.js","200","true","false","bundle fetched"
"dpl_7DTASmSFhxukrs9hcufoA6NxiSjV","preview","READY","2026-09-28T00:27:41.603Z","4e5befbb917288684852ab65235e5d92977a5153","feature/reclamos-garantia-gastos","https://adm-tecnico-celulares-jj5l-annzq6jm3-creactivo.vercel.app","200","/assets/index-B4fa7v9Z.js","200","true","false","bundle fetched"
"dpl_FXJWFv75FqX6fhXk7VQaP61uiDut","preview","READY","2026-09-28T00:14:14.390Z","49fdc3f39c181efbacbc0b73bb6a1719e38513fe","feature/reclamos-garantia-gastos","https://adm-tecnico-celulares-jj5l-f8jniosim-creactivo.vercel.app","200","/assets/index-udt73Yaf.js","200","true","false","bundle fetched"
"dpl_4ixvYKFf4hdVzANELPB1qWU2VXFY","production","READY","2026-09-27T23:10:05.801Z","9aec3ea47114e4438fcdd817c77999fd27da4e5c","main","https://adm-tecnico-celulares-jj5l-qlyj0io75-creactivo.vercel.app","","","","","","metadata only; historical production bundle not fetched"
"dpl_sEzMyguBjE9JjbRRKffKnP6ZwMDT","preview","READY","2026-09-27T23:01:15.091Z","9aec3ea47114e4438fcdd817c77999fd27da4e5c","feature/compra-reventa-equipos","https://adm-tecnico-celulares-jj5l-jt7gh0b3n-creactivo.vercel.app","200","/assets/index-VDbh8hgu.js","200","true","false","bundle fetched"
"dpl_52pTScshWqGrff4tJFa1ENoQo3Ed","preview","READY","2026-09-27T22:57:32.157Z","c0d7c13c5d07f540febd13d8b44c788db61e6e99","feature/compra-reventa-equipos","https://adm-tecnico-celulares-jj5l-825kjc2cc-creactivo.vercel.app","200","/assets/index-CFq5ecSp.js","200","true","false","bundle fetched"
"dpl_9sHSaS9YcHkUuHia6k6HhXLxj5ds","production","READY","2026-09-27T09:15:08.870Z","8a6b4bcbd8078a42b96e585eb9f066a2210fee8a","main","https://adm-tecnico-celulares-jj5l-4wy29hkz2-creactivo.vercel.app","","","","","","metadata only; historical production bundle not fetched"
"dpl_F1c77hbtaxbBHAtNQt2t51bKcPkn","preview","READY","2026-09-27T09:12:16.828Z","8a6b4bcbd8078a42b96e585eb9f066a2210fee8a","feature/comercio-punto-de-venta","https://adm-tecnico-celulares-jj5l-ij6j40mov-creactivo.vercel.app","200","/assets/index-CyWRFOpo.js","200","true","false","bundle fetched"
"dpl_FmRipQJnVuqoMSaB4ssFStyZK6jD","production","READY","2026-09-27T07:31:57.998Z","2bcfacbc168f6c7a79201c731c94eb6dd611ea70","main","https://adm-tecnico-celulares-jj5l-4w986c03m-creactivo.vercel.app","","","","","","metadata only; historical production bundle not fetched"
"dpl_FjuP6wsDLx1d8JdcLUn3CQv4cd8t","production","READY","2026-09-26T20:06:04.730Z","3190f6148e14b1030132a9696d914cfbba3fa90b","main","https://adm-tecnico-celulares-jj5l-8nntbsagw-creactivo.vercel.app","","","","","","metadata only; historical production bundle not fetched"
"dpl_4aTzie64KsqBhiTgZduSHFVZwbRn","preview","READY","2026-09-26T20:05:09.702Z","3190f6148e14b1030132a9696d914cfbba3fa90b","feature/eliminar-clientes-seguro","https://adm-tecnico-celulares-jj5l-avnhhregv-creactivo.vercel.app","200","/assets/index-FfNhG8Tx.js","200","true","false","bundle fetched"
"dpl_3TVVMZXaJy6h7SpaSDh3bnKJS2HW","production","READY","2026-09-26T18:15:14.031Z","4bb6ad1a50bc13e895ab9226991b98b43724d8cc","main","https://adm-tecnico-celulares-jj5l-cborn98kx-creactivo.vercel.app","","","","","","metadata only; historical production bundle not fetched"
"dpl_HXEYXhaxeBuJVGq96nRnTitTRiHp","preview","READY","2026-09-26T18:14:51.280Z","4bb6ad1a50bc13e895ab9226991b98b43724d8cc","codex/redisenar-autenticacion","https://adm-tecnico-celulares-jj5l-edps98ky0-creactivo.vercel.app","200","/assets/index-DvWSLqnw.js","200","true","false","bundle fetched"
"dpl_CSmh2yJGpxqZ4hurpGr2B9uAar1V","production","READY","2026-09-26T15:22:39.219Z","8bf5671457706449cd5f73877e20472903a2c758","main","https://adm-tecnico-celulares-jj5l-6gzgbo8m6-creactivo.vercel.app","","","","","","metadata only; historical production bundle not fetched"
"dpl_DfuCzbE3RCXTFthegxGcoV1K3FEo","preview","READY","2026-09-26T15:15:18.352Z","8bf5671457706449cd5f73877e20472903a2c758","feature/configurar-superadmin-demo","https://adm-tecnico-celulares-jj5l-5we6bhswi-creactivo.vercel.app","200","/assets/index-CY81eYPE.js","200","true","false","bundle fetched"
"dpl_5DHdmbeDw57JghpFNeK2dPSPXG4u","production","READY","2026-09-26T05:14:43.929Z","19a794b898ca352fe0001547cf0e87732d446138","main","https://adm-tecnico-celulares-jj5l-lkju29lhl-creactivo.vercel.app","","","","","","metadata only; historical production bundle not fetched"
"dpl_4mHtARr9fJpiEnoGrWXtMcLuQvQd","production","READY","2026-09-26T04:54:09.062Z","32f291b5da025c2ffdeee46a7204d2518320f066","main","https://adm-tecnico-celulares-jj5l-ikoi1u9f0-creactivo.vercel.app","","","","","","metadata only; historical production bundle not fetched"
"dpl_4PvqPe9ctf9hzeBXWaFcYa4y1FRW","preview","READY","2026-09-26T03:34:22.963Z","19a794b898ca352fe0001547cf0e87732d446138","feature/redisenar-tabla-reparaciones","https://adm-tecnico-celulares-jj5l-qn1d46vq6-creactivo.vercel.app","302","","","","","unverified: connector returned redirect"
"dpl_5N6QHSrjwSRcNzZa8BpANSxg9he2","production","READY","2026-09-24T23:08:01.080Z","32f291b5da025c2ffdeee46a7204d2518320f066","main","https://adm-tecnico-celulares-jj5l-rk8s4tyv9-creactivo.vercel.app","","","","","","metadata only; historical production bundle not fetched"
"dpl_6sVTG6qSYGHNr5w3nj2FZnWh8EBD","preview","READY","2026-09-23T02:39:58.065Z","6227817f5e0250214b5506bca4fadcb04ac6d9d9","feature/mejorar-super-admin","https://adm-tecnico-celulares-jj5l-hd2371rxu-creactivo.vercel.app","302","","","","","unverified: connector returned redirect"
"dpl_3bYHQLEuLwUa5obhyzvGEHYwsu3G","preview","READY","2026-09-23T01:27:16.376Z","7e8214a7b896e20dd40f2bf0228a546a8cee21f8","feature/mejorar-super-admin","https://adm-tecnico-celulares-jj5l-qa3vfowlr-creactivo.vercel.app","200","/assets/index-jZVHeO6Y.js","200","false","false","entry JS fetched; neither searched literal; effective API unresolved"
"dpl_CJxzbwBYeMux53AKfLj2FBwi6rx3","preview","READY","2026-09-23T01:08:12.959Z","ae02f1b4a0b51e2c5d541664c3c6e4a548b39226","feature/mejorar-super-admin","https://adm-tecnico-celulares-jj5l-brgq69w82-creactivo.vercel.app","200","/assets/index-DvrVIGf6.js","200","false","false","entry JS fetched; neither searched literal; effective API unresolved"
"dpl_EqjDkJw9w7TZGzSoju2uEyuSPNay","production","READY","2026-09-22T23:01:19.331Z","925654dd6e58df2b6c804182bffa57833757c456","main","https://adm-tecnico-celulares-jj5l-iy7x89ef1-creactivo.vercel.app","","","","","","metadata only; historical production bundle not fetched"
"dpl_A4FLARmVvWMj3TPU7PggVgmVUEG1","preview","READY","2026-09-22T22:57:06.508Z","925654dd6e58df2b6c804182bffa57833757c456","feature/mejorar-configuracion","https://adm-tecnico-celulares-jj5l-p8uw8tmdm-creactivo.vercel.app","200","/assets/index-DfoVx8LV.js","200","false","false","entry JS fetched; neither searched literal; effective API unresolved"
"dpl_7ME49kC61g9Nmc7aAihsTK1QKmFd","preview","READY","2026-09-22T22:49:06.549Z","3169d722c24c0520bf45a7c27eab3383ab6aacaa","feature/mejorar-configuracion","https://adm-tecnico-celulares-jj5l-8uvwg19z2-creactivo.vercel.app","200","/assets/index-CsqnRRGT.js","200","false","false","entry JS fetched; neither searched literal; effective API unresolved"
"dpl_8NM9Xvu1CoZh9mh2mqjSSYwpWS7n","preview","READY","2026-09-22T22:42:08.874Z","a090b160ca72edc216d8149439687ca6a1a9cbae","feature/mejorar-configuracion","https://adm-tecnico-celulares-jj5l-gs0te0jes-creactivo.vercel.app","200","/assets/index-DK-mo_he.js","200","false","false","entry JS fetched; neither searched literal; effective API unresolved"
"dpl_9KJ8yo2asaxZzaSzfFFSmo1nMcEb","preview","READY","2026-09-22T02:13:53.609Z","5cc6ab4e6181aaba65b94bb9001a446998b64e53","feature/mejorar-configuracion","https://adm-tecnico-celulares-jj5l-hapvq0i78-creactivo.vercel.app","200","/assets/index-C-VcKUD_.js","302","","","unverified: connector returned redirect"
"dpl_GbnZDXrzM6eJ2kxWpFCboqTYCWQ7","production","READY","2026-09-22T00:51:43.754Z","35bda7d15bf53c848f23dd0a148a3c8eb12ed95b","main","https://adm-tecnico-celulares-jj5l-gtod1qzjq-creactivo.vercel.app","","","","","","metadata only; historical production bundle not fetched"
"dpl_5VbDGpMQTGBNzSf1Vc4zviny6hbD","preview","READY","2026-09-22T00:39:05.877Z","35bda7d15bf53c848f23dd0a148a3c8eb12ed95b","fix/navigation-permission-loops","https://adm-tecnico-celulares-jj5l-ot9k8vbme-creactivo.vercel.app","200","/assets/index-B0LlERpz.js","200","false","false","entry JS fetched; neither searched literal; effective API unresolved"
"dpl_BBspsraYgfKfFDzhaGiFM4iLJisn","production","READY","2026-09-20T22:06:20.164Z","9a4896eba36c1c207c24eb796214b56f413476bc","main","https://adm-tecnico-celulares-jj5l-outugfo27-creactivo.vercel.app","","","","","","metadata only; historical production bundle not fetched"
"dpl_8RfUNBqUvfbVx1q71XdcQieougbq","preview","READY","2026-09-20T22:06:16.604Z","9a4896eba36c1c207c24eb796214b56f413476bc","feature/mejorar-inicio","https://adm-tecnico-celulares-jj5l-58nddpwak-creactivo.vercel.app","200","/assets/index-2pi1JHiz.js","200","false","false","entry JS fetched; neither searched literal; effective API unresolved"
"dpl_EFdEZD1PfQL8tUu29E4LqUcyyzFs","production","READY","2026-09-20T16:11:36.418Z","496db87df771ba984f9d39e04ed5ef8bf4a164e5","main","https://adm-tecnico-celulares-jj5l-da0pygqoo-creactivo.vercel.app","","","","","","metadata only; historical production bundle not fetched"
"dpl_Aa1NkTn8i9jeN8LijnpMKjD8crCX","preview","READY","2026-09-20T16:11:33.103Z","496db87df771ba984f9d39e04ed5ef8bf4a164e5","feature/redisenio-admin","https://adm-tecnico-celulares-jj5l-em0g8tdkz-creactivo.vercel.app","200","/assets/index-B0pzUB5L.js","200","false","false","entry JS fetched; neither searched literal; effective API unresolved"
"dpl_CjuRRGiJ9fzRYZ4kTeNoNvEFo7uH","production","READY","2026-09-20T05:07:43.865Z","b5de5c80e34bfea7c1f309162af8524f2e9bf856","main","https://adm-tecnico-celulares-jj5l-e37or8gvz-creactivo.vercel.app","","","","","","metadata only; historical production bundle not fetched"
"dpl_5bZEahxyP99LwFK3Vv7rEfBhXDh7","preview","READY","2026-09-20T05:07:28.076Z","b5de5c80e34bfea7c1f309162af8524f2e9bf856","feature/venta-equipos","https://adm-tecnico-celulares-jj5l-ku3svocgf-creactivo.vercel.app","200","/assets/index-Bgciiagi.js","200","false","false","entry JS fetched; neither searched literal; effective API unresolved"
"dpl_GgsTDJZ35BPMgp78W2KYa6FSa16n","production","READY","2026-09-20T00:45:53.588Z","49890f194c9212c53779441917a49e3fd686912f","main","https://adm-tecnico-celulares-jj5l-us8jhy2qr-creactivo.vercel.app","","","","","","metadata only; historical production bundle not fetched"
"dpl_FKE5LbGrTeNv94HxgAVfY7Esjohj","preview","READY","2026-09-20T00:38:11.773Z","49890f194c9212c53779441917a49e3fd686912f","feature/modulo-comercio","https://adm-tecnico-celulares-jj5l-crm58vjbf-creactivo.vercel.app","200","/assets/index-C2C1ZeQ4.js","200","false","false","entry JS fetched; neither searched literal; effective API unresolved"
"dpl_CUAnirvg76RoazhFmjPcdYZjsmSm","production","READY","2026-09-15T02:32:20.477Z","3c6ca5ab3538c86d202c74fedffbfe49226d6443","main","https://adm-tecnico-celulares-jj5l-djq4mh5w7-creactivo.vercel.app","","","","","","metadata only; historical production bundle not fetched"
"dpl_AVzQ4JtvhC1kavD8khnbBGvxvMR2","production","ERROR","2026-08-02T21:54:01.854Z","5e728f2a8a8f5f4d6a3232c442e0e41c27679508","main","https://adm-tecnico-celulares-jj5l-qrx30ju6i-creactivo.vercel.app","","","","","","metadata only; historical production bundle not fetched"
"dpl_5iF4mEqyRT3gCVc2kDrneR2KR3G4","preview","READY","2026-10-10T03:33:25.375Z","7e621c9c742480485afc547121a30444669c13c4","codex/render-origin-auth","https://adm-tecnico-celulares-jj5l-1j8wisk6y-creactivo.vercel.app","200","/assets/index-BAiBuHCD.js","200","false","true","bundle fetched"
